,3000,5000,8000
1,1.0,1.0,1.0
2,1.0,1.0,1.0
3,1.0,1.0,1.0
4,1.0,1.0,1.0
5,1.0,1.0,1.0
6,1.0,1.0,1.0
7,1.0,1.0,1.0
8,1.0,1.0,1.0
9,1.0,1.0,1.0
10,1.0,1.0,1.0
11,1.0,1.0,1.0
12,1.0,1.0,1.0
13,1.0,1.0,1.0
14,1.0,1.0,1.0
15,1.0,1.0,1.0
16,0.998,1.0,1.0
17,0.998,1.0,1.0
18,0.998,1.0,1.0
19,0.998,1.0,1.0
20,0.996,1.0,0.998
21,0.994,1.0,0.996
22,0.994,1.0,0.996
23,0.992,1.0,0.992
24,0.99,1.0,0.988
25,0.988,0.996,0.988
26,0.98,0.996,0.988
27,0.974,0.99,0.986
28,0.97,0.988,0.984
29,0.968,0.986,0.982
30,0.964,0.986,0.982
31,0.964,0.984,0.982
32,0.96,0.978,0.982
33,0.956,0.976,0.978
34,0.948,0.97,0.978
35,0.944,0.964,0.978
36,0.94,0.958,0.978
37,0.938,0.952,0.974
38,0.936,0.952,0.974
39,0.934,0.95,0.974
40,0.93,0.95,0.974
41,0.928,0.944,0.97
42,0.926,0.942,0.962
43,0.922,0.938,0.952
44,0.918,0.936,0.948
45,0.916,0.934,0.948
46,0.91,0.928,0.944
47,0.906,0.926,0.944
48,0.904,0.926,0.944
49,0.902,0.922,0.94
50,0.9,0.918,0.938
51,0.9,0.918,0.932
52,0.896,0.912,0.928
53,0.892,0.91,0.924
54,0.89,0.906,0.922
55,0.89,0.906,0.918
56,0.886,0.902,0.912
57,0.882,0.902,0.912
58,0.88,0.898,0.912
59,0.878,0.894,0.906
60,0.876,0.888,0.904
61,0.876,0.884,0.904
62,0.874,0.88,0.9
63,0.868,0.878,0.896
64,0.866,0.876,0.89
65,0.86,0.876,0.88
66,0.86,0.874,0.88
67,0.86,0.872,0.878
68,0.86,0.868,0.87
69,0.856,0.866,0.866
70,0.852,0.864,0.866
71,0.85,0.862,0.866
72,0.848,0.862,0.866
73,0.844,0.856,0.864
74,0.842,0.852,0.864
75,0.842,0.852,0.862
76,0.836,0.85,0.862
77,0.836,0.85,0.852
78,0.836,0.85,0.842
79,0.836,0.848,0.84
80,0.834,0.844,0.84
81,0.834,0.844,0.836
82,0.828,0.84,0.836
83,0.826,0.84,0.83
84,0.824,0.836,0.826
85,0.818,0.834,0.826
86,0.81,0.832,0.824
87,0.806,0.828,0.822
88,0.802,0.828,0.818
89,0.802,0.822,0.818
90,0.802,0.82,0.816
91,0.798,0.818,0.812
92,0.796,0.816,0.808
93,0.794,0.814,0.804
94,0.79,0.814,0.804
95,0.786,0.812,0.802
96,0.784,0.812,0.802
97,0.78,0.81,0.796
98,0.778,0.808,0.792
99,0.778,0.806,0.792
100,0.778,0.804,0.79
101,0.778,0.802,0.79
102,0.778,0.802,0.788
103,0.778,0.802,0.786
104,0.776,0.8,0.784
105,0.776,0.8,0.784
106,0.772,0.798,0.782
107,0.772,0.794,0.778
108,0.772,0.792,0.778
109,0.77,0.788,0.778
110,0.77,0.784,0.778
111,0.77,0.778,0.776
112,0.762,0.778,0.772
113,0.762,0.776,0.772
114,0.762,0.772,0.77
115,0.76,0.77,0.766
116,0.76,0.77,0.764
117,0.76,0.77,0.76
118,0.758,0.77,0.758
119,0.756,0.766,0.754
120,0.752,0.766,0.752
121,0.748,0.766,0.748
122,0.746,0.764,0.742
123,0.744,0.762,0.738
124,0.74,0.762,0.738
125,0.734,0.758,0.736
126,0.732,0.758,0.734
127,0.732,0.754,0.734
128,0.73,0.752,0.734
129,0.728,0.75,0.732
130,0.728,0.75,0.732
131,0.728,0.75,0.726
132,0.728,0.748,0.724
133,0.726,0.746,0.722
134,0.724,0.746,0.722
135,0.722,0.744,0.722
136,0.72,0.742,0.72
137,0.718,0.74,0.716
138,0.714,0.738,0.714
139,0.714,0.738,0.714
140,0.712,0.738,0.712
141,0.712,0.736,0.712
142,0.71,0.732,0.708
143,0.708,0.732,0.708
144,0.706,0.732,0.708
145,0.702,0.732,0.702
146,0.702,0.73,0.702
147,0.702,0.726,0.702
148,0.702,0.726,0.702
149,0.702,0.726,0.702
150,0.702,0.724,0.7
151,0.702,0.718,0.696
152,0.702,0.712,0.696
153,0.702,0.712,0.696
154,0.702,0.712,0.696
155,0.7,0.71,0.694
156,0.7,0.71,0.694
157,0.698,0.71,0.694
158,0.698,0.71,0.694
159,0.696,0.708,0.692
160,0.694,0.708,0.692
161,0.694,0.706,0.69
162,0.694,0.704,0.69
163,0.694,0.704,0.688
164,0.69,0.7,0.688
165,0.688,0.698,0.686
166,0.688,0.698,0.686
167,0.686,0.696,0.684
168,0.684,0.696,0.68
169,0.682,0.696,0.68
170,0.682,0.692,0.678
171,0.68,0.692,0.674
172,0.676,0.69,0.672
173,0.676,0.686,0.672
174,0.674,0.684,0.672
175,0.674,0.684,0.67
176,0.67,0.684,0.668
177,0.67,0.682,0.668
178,0.67,0.682,0.664
179,0.67,0.682,0.66
180,0.666,0.682,0.66
181,0.666,0.682,0.658
182,0.666,0.678,0.658
183,0.666,0.678,0.658
184,0.666,0.676,0.658
185,0.666,0.674,0.658
186,0.666,0.672,0.656
187,0.666,0.672,0.652
188,0.66,0.67,0.648
189,0.658,0.666,0.648
190,0.656,0.664,0.648
191,0.656,0.664,0.646
192,0.656,0.662,0.646
193,0.654,0.662,0.644
194,0.648,0.662,0.644
195,0.646,0.662,0.642
196,0.644,0.662,0.636
197,0.644,0.658,0.636
198,0.638,0.656,0.634
199,0.636,0.654,0.63
200,0.636,0.654,0.628
201,0.634,0.652,0.626
202,0.632,0.65,0.62
203,0.632,0.644,0.616
204,0.632,0.642,0.614
205,0.632,0.642,0.612
206,0.628,0.634,0.612
207,0.628,0.634,0.61
208,0.628,0.634,0.608
209,0.628,0.632,0.606
210,0.626,0.632,0.604
211,0.626,0.632,0.602
212,0.626,0.632,0.602
213,0.626,0.63,0.602
214,0.626,0.628,0.6
215,0.626,0.624,0.6
216,0.624,0.622,0.594
217,0.624,0.62,0.592
218,0.624,0.62,0.586
219,0.624,0.616,0.584
220,0.624,0.614,0.584
221,0.622,0.606,0.582
222,0.62,0.606,0.582
223,0.614,0.604,0.58
224,0.61,0.602,0.58
225,0.608,0.6,0.58
226,0.604,0.598,0.578
227,0.604,0.598,0.576
228,0.602,0.598,0.576
229,0.6,0.598,0.574
230,0.6,0.596,0.574
231,0.6,0.594,0.574
232,0.598,0.594,0.574
233,0.592,0.594,0.574
234,0.592,0.592,0.574
235,0.588,0.59,0.574
236,0.584,0.586,0.574
237,0.584,0.586,0.572
238,0.58,0.586,0.572
239,0.58,0.586,0.57
240,0.58,0.582,0.568
241,0.58,0.582,0.568
242,0.578,0.582,0.566
243,0.574,0.58,0.566
244,0.572,0.58,0.566
245,0.572,0.58,0.566
246,0.572,0.574,0.566
247,0.57,0.574,0.562
248,0.566,0.572,0.56
249,0.566,0.57,0.558
250,0.566,0.57,0.556
251,0.566,0.57,0.554
252,0.562,0.57,0.55
253,0.558,0.57,0.548
254,0.558,0.568,0.548
255,0.558,0.568,0.544
256,0.556,0.568,0.544
257,0.552,0.568,0.544
258,0.552,0.566,0.544
259,0.55,0.566,0.542
260,0.55,0.558,0.538
261,0.548,0.556,0.538
262,0.548,0.554,0.538
263,0.548,0.552,0.536
264,0.548,0.55,0.536
265,0.544,0.55,0.534
266,0.542,0.55,0.532
267,0.542,0.548,0.532
268,0.54,0.546,0.528
269,0.54,0.544,0.526
270,0.538,0.544,0.524
271,0.538,0.542,0.522
272,0.538,0.542,0.52
273,0.538,0.54,0.52
274,0.538,0.538,0.518
275,0.538,0.538,0.516
276,0.534,0.538,0.512
277,0.532,0.536,0.512
278,0.528,0.534,0.508
279,0.524,0.534,0.504
280,0.522,0.53,0.504
281,0.518,0.526,0.498
282,0.514,0.524,0.496
283,0.512,0.52,0.496
284,0.508,0.516,0.496
285,0.502,0.516,0.492
286,0.5,0.516,0.488
287,0.498,0.516,0.486
288,0.498,0.516,0.486
289,0.498,0.516,0.486
290,0.496,0.516,0.486
291,0.494,0.514,0.486
292,0.494,0.514,0.486
293,0.494,0.508,0.484
294,0.492,0.508,0.484
295,0.492,0.506,0.484
296,0.492,0.504,0.484
297,0.492,0.504,0.484
298,0.492,0.504,0.48
299,0.49,0.504,0.48
300,0.49,0.504,0.476
301,0.488,0.504,0.472
302,0.486,0.504,0.472
303,0.486,0.504,0.47
304,0.484,0.504,0.47
305,0.484,0.504,0.468
306,0.484,0.504,0.468
307,0.484,0.5,0.466
308,0.482,0.5,0.462
309,0.48,0.498,0.46
310,0.478,0.498,0.46
311,0.476,0.496,0.456
312,0.476,0.494,0.456
313,0.476,0.492,0.454
314,0.476,0.49,0.454
315,0.472,0.49,0.454
316,0.47,0.488,0.452
317,0.47,0.488,0.45
318,0.47,0.486,0.45
319,0.47,0.486,0.45
320,0.468,0.486,0.448
321,0.466,0.484,0.446
322,0.466,0.484,0.442
323,0.466,0.484,0.442
324,0.466,0.484,0.442
325,0.462,0.482,0.442
326,0.456,0.482,0.442
327,0.454,0.482,0.442
328,0.454,0.482,0.442
329,0.454,0.482,0.442
330,0.452,0.482,0.442
331,0.448,0.482,0.442
332,0.448,0.48,0.436
333,0.448,0.48,0.436
334,0.448,0.476,0.436
335,0.44,0.472,0.436
336,0.434,0.472,0.436
337,0.432,0.468,0.436
338,0.43,0.468,0.434
339,0.43,0.466,0.432
340,0.43,0.464,0.43
341,0.43,0.464,0.43
342,0.428,0.464,0.426
343,0.428,0.462,0.424
344,0.426,0.462,0.422
345,0.426,0.462,0.418
346,0.426,0.46,0.418
347,0.424,0.46,0.418
348,0.42,0.46,0.418
349,0.42,0.46,0.416
350,0.42,0.458,0.412
351,0.42,0.456,0.412
352,0.418,0.454,0.41
353,0.414,0.454,0.408
354,0.41,0.454,0.408
355,0.41,0.454,0.408
356,0.408,0.454,0.406
357,0.408,0.454,0.404
358,0.406,0.452,0.402
359,0.406,0.452,0.402
360,0.404,0.446,0.396
361,0.404,0.442,0.396
362,0.404,0.44,0.394
363,0.402,0.438,0.392
364,0.402,0.436,0.392
365,0.402,0.434,0.39
366,0.402,0.432,0.388
367,0.402,0.43,0.388
368,0.402,0.43,0.388
369,0.402,0.428,0.388
370,0.4,0.428,0.388
371,0.4,0.426,0.388
372,0.398,0.422,0.386
373,0.396,0.42,0.386
374,0.394,0.418,0.384
375,0.394,0.418,0.384
376,0.394,0.418,0.384
377,0.392,0.418,0.384
378,0.39,0.414,0.384
379,0.388,0.412,0.384
380,0.388,0.412,0.382
381,0.388,0.41,0.382
382,0.388,0.408,0.378
383,0.388,0.404,0.378
384,0.382,0.404,0.378
385,0.382,0.404,0.376
386,0.378,0.404,0.374
387,0.376,0.404,0.374
388,0.376,0.4,0.372
389,0.374,0.4,0.372
390,0.374,0.398,0.372
391,0.374,0.398,0.372
392,0.372,0.398,0.37
393,0.37,0.396,0.37
394,0.37,0.394,0.366
395,0.37,0.394,0.366
396,0.37,0.394,0.366
397,0.364,0.392,0.366
398,0.364,0.392,0.364
399,0.362,0.392,0.364
400,0.358,0.392,0.362
401,0.358,0.39,0.362
402,0.358,0.39,0.362
403,0.358,0.39,0.362
404,0.358,0.388,0.362
405,0.358,0.386,0.362
406,0.358,0.386,0.362
407,0.358,0.386,0.36
408,0.356,0.386,0.36
409,0.354,0.386,0.36
410,0.352,0.386,0.358
411,0.352,0.384,0.356
412,0.35,0.384,0.354
413,0.35,0.384,0.352
414,0.346,0.384,0.352
415,0.344,0.384,0.352
416,0.344,0.382,0.352
417,0.344,0.38,0.35
418,0.344,0.378,0.35
419,0.344,0.378,0.35
420,0.342,0.378,0.35
421,0.338,0.378,0.348
422,0.338,0.378,0.348
423,0.338,0.378,0.348
424,0.336,0.376,0.346
425,0.336,0.376,0.346
426,0.332,0.376,0.344
427,0.332,0.376,0.344
428,0.332,0.374,0.344
429,0.332,0.374,0.344
430,0.332,0.374,0.34
431,0.33,0.374,0.336
432,0.33,0.374,0.336
433,0.33,0.374,0.334
434,0.33,0.374,0.334
435,0.33,0.374,0.334
436,0.33,0.374,0.332
437,0.33,0.374,0.33
438,0.33,0.374,0.33
439,0.326,0.374,0.33
440,0.326,0.37,0.33
441,0.326,0.37,0.33
442,0.326,0.37,0.33
443,0.322,0.37,0.33
444,0.322,0.368,0.33
445,0.322,0.368,0.33
446,0.32,0.368,0.33
447,0.318,0.366,0.33
448,0.316,0.366,0.33
449,0.316,0.364,0.328
450,0.316,0.362,0.328
451,0.314,0.362,0.326
452,0.31,0.362,0.324
453,0.31,0.362,0.324
454,0.308,0.362,0.322
455,0.308,0.36,0.322
456,0.308,0.36,0.32
457,0.306,0.358,0.32
458,0.306,0.358,0.32
459,0.306,0.358,0.32
460,0.304,0.358,0.32
461,0.304,0.358,0.318
462,0.304,0.358,0.316
463,0.302,0.354,0.316
464,0.302,0.354,0.314
465,0.302,0.354,0.314
466,0.298,0.352,0.314
467,0.298,0.35,0.314
468,0.298,0.35,0.312
469,0.298,0.35,0.312
470,0.298,0.35,0.312
471,0.296,0.348,0.31
472,0.296,0.348,0.31
473,0.296,0.344,0.31
474,0.294,0.344,0.308
475,0.292,0.344,0.306
476,0.292,0.344,0.306
477,0.292,0.344,0.306
478,0.292,0.344,0.304
479,0.292,0.344,0.302
480,0.292,0.344,0.302
481,0.292,0.34,0.298
482,0.292,0.34,0.298
483,0.292,0.34,0.298
484,0.29,0.338,0.294
485,0.29,0.338,0.292
486,0.29,0.338,0.292
487,0.29,0.336,0.292
488,0.29,0.332,0.292
489,0.29,0.332,0.292
490,0.29,0.332,0.292
491,0.29,0.332,0.292
492,0.29,0.33,0.292
493,0.29,0.328,0.292
494,0.29,0.328,0.292
495,0.286,0.326,0.29
496,0.286,0.32,0.29
497,0.284,0.32,0.288
498,0.284,0.316,0.288
499,0.284,0.316,0.286
500,0.284,0.316,0.284
501,0.282,0.316,0.284
502,0.282,0.312,0.284
503,0.282,0.31,0.284
504,0.28,0.31,0.284
505,0.28,0.308,0.284
506,0.28,0.306,0.284
507,0.278,0.306,0.282
508,0.278,0.306,0.28
509,0.276,0.306,0.278
510,0.274,0.306,0.278
511,0.272,0.304,0.276
512,0.272,0.304,0.276
513,0.272,0.3,0.274
514,0.272,0.3,0.274
515,0.27,0.3,0.272
516,0.27,0.298,0.272
517,0.268,0.298,0.272
518,0.266,0.298,0.272
519,0.266,0.298,0.272
520,0.264,0.298,0.272
521,0.264,0.298,0.272
522,0.262,0.296,0.272
523,0.262,0.296,0.272
524,0.262,0.294,0.272
525,0.262,0.292,0.272
526,0.26,0.292,0.272
527,0.26,0.292,0.272
528,0.26,0.292,0.272
529,0.26,0.29,0.272
530,0.26,0.29,0.272
531,0.258,0.288,0.272
532,0.256,0.286,0.27
533,0.256,0.282,0.27
534,0.256,0.28,0.27
535,0.256,0.28,0.268
536,0.256,0.28,0.268
537,0.256,0.28,0.268
538,0.256,0.278,0.268
539,0.256,0.278,0.268
540,0.256,0.278,0.266
541,0.256,0.276,0.264
542,0.256,0.274,0.262
543,0.256,0.272,0.262
544,0.252,0.266,0.26
545,0.25,0.264,0.258
546,0.248,0.264,0.258
547,0.246,0.262,0.258
548,0.246,0.262,0.258
549,0.246,0.262,0.258
550,0.244,0.262,0.256
551,0.244,0.262,0.256
552,0.242,0.262,0.256
553,0.242,0.262,0.256
554,0.242,0.26,0.252
555,0.242,0.26,0.252
556,0.24,0.26,0.252
557,0.238,0.26,0.252
558,0.238,0.26,0.252
559,0.238,0.26,0.252
560,0.236,0.26,0.252
561,0.236,0.258,0.25
562,0.234,0.258,0.25
563,0.232,0.258,0.25
564,0.232,0.258,0.248
565,0.23,0.258,0.248
566,0.226,0.258,0.248
567,0.226,0.258,0.248
568,0.226,0.256,0.248
569,0.226,0.254,0.246
570,0.224,0.252,0.244
571,0.222,0.252,0.244
572,0.222,0.252,0.244
573,0.222,0.252,0.242
574,0.222,0.252,0.242
575,0.22,0.252,0.238
576,0.22,0.252,0.238
577,0.22,0.25,0.238
578,0.22,0.25,0.238
579,0.22,0.25,0.238
580,0.22,0.25,0.238
581,0.22,0.248,0.238
582,0.22,0.248,0.238
583,0.22,0.246,0.238
584,0.22,0.246,0.236
585,0.22,0.246,0.236
586,0.22,0.246,0.236
587,0.218,0.244,0.236
588,0.218,0.244,0.236
589,0.218,0.244,0.234
590,0.218,0.242,0.232
591,0.218,0.242,0.232
592,0.214,0.24,0.232
593,0.214,0.24,0.232
594,0.214,0.24,0.23
595,0.214,0.24,0.23
596,0.214,0.24,0.23
597,0.212,0.24,0.228
598,0.212,0.24,0.224
599,0.212,0.24,0.224
600,0.212,0.24,0.224
601,0.212,0.24,0.224
602,0.212,0.24,0.224
603,0.21,0.24,0.222
604,0.208,0.24,0.222
605,0.208,0.238,0.222
606,0.208,0.238,0.222
607,0.208,0.236,0.22
608,0.208,0.234,0.218
609,0.208,0.234,0.218
610,0.206,0.234,0.216
611,0.204,0.234,0.216
612,0.204,0.232,0.216
613,0.204,0.23,0.216
614,0.204,0.23,0.216
615,0.204,0.228,0.216
616,0.204,0.228,0.216
617,0.204,0.228,0.216
618,0.204,0.228,0.216
619,0.204,0.228,0.216
620,0.204,0.226,0.214
621,0.204,0.226,0.212
622,0.204,0.226,0.212
623,0.204,0.226,0.212
624,0.202,0.226,0.212
625,0.202,0.226,0.212
626,0.202,0.224,0.212
627,0.202,0.224,0.212
628,0.202,0.224,0.21
629,0.2,0.224,0.21
630,0.2,0.224,0.21
631,0.2,0.224,0.21
632,0.198,0.224,0.21
633,0.198,0.224,0.21
634,0.196,0.224,0.21
635,0.196,0.224,0.21
636,0.196,0.224,0.21
637,0.196,0.224,0.21
638,0.196,0.224,0.206
639,0.194,0.222,0.206
640,0.194,0.222,0.206
641,0.192,0.22,0.206
642,0.192,0.22,0.206
643,0.192,0.22,0.206
644,0.192,0.22,0.206
645,0.192,0.22,0.206
646,0.192,0.22,0.206
647,0.192,0.218,0.206
648,0.192,0.218,0.206
649,0.19,0.216,0.206
650,0.19,0.216,0.206
651,0.19,0.216,0.206
652,0.19,0.216,0.204
653,0.188,0.214,0.204
654,0.188,0.214,0.204
655,0.186,0.214,0.204
656,0.186,0.212,0.204
657,0.186,0.212,0.204
658,0.186,0.21,0.204
659,0.186,0.21,0.204
660,0.184,0.21,0.204
661,0.184,0.21,0.204
662,0.184,0.21,0.204
663,0.182,0.21,0.204
664,0.182,0.208,0.202
665,0.182,0.208,0.202
666,0.182,0.208,0.202
667,0.182,0.208,0.202
668,0.182,0.208,0.202
669,0.18,0.208,0.202
670,0.18,0.208,0.202
671,0.178,0.206,0.202
672,0.176,0.204,0.202
673,0.176,0.204,0.2
674,0.176,0.204,0.2
675,0.176,0.202,0.2
676,0.174,0.202,0.198
677,0.174,0.202,0.198
678,0.174,0.202,0.198
679,0.174,0.202,0.198
680,0.174,0.202,0.198
681,0.174,0.202,0.198
682,0.174,0.202,0.198
683,0.174,0.2,0.198
684,0.174,0.2,0.196
685,0.174,0.2,0.196
686,0.174,0.2,0.194
687,0.174,0.2,0.192
688,0.172,0.2,0.192
689,0.172,0.2,0.192
690,0.17,0.2,0.19
691,0.17,0.198,0.19
692,0.17,0.198,0.19
693,0.17,0.198,0.19
694,0.166,0.198,0.19
695,0.164,0.198,0.19
696,0.164,0.196,0.19
697,0.164,0.196,0.19
698,0.164,0.194,0.19
699,0.164,0.194,0.19
700,0.164,0.194,0.19
701,0.164,0.192,0.188
702,0.164,0.192,0.188
703,0.164,0.192,0.186
704,0.164,0.192,0.184
705,0.164,0.19,0.184
706,0.164,0.19,0.182
707,0.162,0.19,0.182
708,0.162,0.19,0.18
709,0.162,0.19,0.18
710,0.162,0.188,0.178
711,0.162,0.186,0.176
712,0.162,0.186,0.176
713,0.16,0.186,0.176
714,0.16,0.186,0.176
715,0.158,0.184,0.176
716,0.158,0.182,0.176
717,0.156,0.182,0.176
718,0.156,0.182,0.176
719,0.156,0.182,0.176
720,0.152,0.182,0.174
721,0.152,0.178,0.174
722,0.152,0.176,0.174
723,0.152,0.176,0.174
724,0.152,0.176,0.174
725,0.152,0.174,0.174
726,0.152,0.174,0.174
727,0.152,0.174,0.174
728,0.152,0.174,0.174
729,0.152,0.174,0.174
730,0.152,0.172,0.172
731,0.152,0.17,0.17
732,0.152,0.17,0.17
733,0.152,0.17,0.17
734,0.152,0.17,0.17
735,0.152,0.17,0.168
736,0.152,0.17,0.168
737,0.152,0.17,0.168
738,0.15,0.17,0.168
739,0.15,0.17,0.168
740,0.15,0.17,0.168
741,0.15,0.17,0.168
742,0.148,0.168,0.168
743,0.148,0.168,0.168
744,0.146,0.168,0.168
745,0.146,0.168,0.168
746,0.144,0.168,0.166
747,0.144,0.168,0.166
748,0.144,0.166,0.166
749,0.142,0.166,0.166
750,0.142,0.164,0.166
751,0.14,0.164,0.166
752,0.14,0.162,0.166
753,0.14,0.162,0.166
754,0.14,0.162,0.166
755,0.14,0.16,0.166
756,0.14,0.16,0.166
757,0.14,0.158,0.166
758,0.14,0.158,0.166
759,0.14,0.158,0.166
760,0.14,0.158,0.166
761,0.14,0.158,0.166
762,0.14,0.158,0.166
763,0.14,0.158,0.166
764,0.14,0.156,0.166
765,0.14,0.156,0.164
766,0.14,0.156,0.164
767,0.14,0.156,0.164
768,0.14,0.156,0.164
769,0.14,0.154,0.164
770,0.138,0.154,0.164
771,0.138,0.154,0.164
772,0.138,0.154,0.164
773,0.138,0.154,0.164
774,0.138,0.154,0.164
775,0.136,0.154,0.164
776,0.136,0.154,0.164
777,0.136,0.154,0.162
778,0.136,0.152,0.16
779,0.136,0.152,0.158
780,0.136,0.152,0.158
781,0.136,0.15,0.156
782,0.136,0.146,0.156
783,0.136,0.146,0.156
784,0.136,0.146,0.156
785,0.134,0.146,0.156
786,0.134,0.146,0.156
787,0.134,0.144,0.154
788,0.134,0.144,0.154
789,0.134,0.144,0.15
790,0.134,0.144,0.15
791,0.134,0.144,0.15
792,0.134,0.144,0.15
793,0.134,0.144,0.148
794,0.132,0.144,0.148
795,0.132,0.142,0.146
796,0.13,0.142,0.146
797,0.128,0.14,0.146
798,0.126,0.14,0.144
799,0.126,0.136,0.144
800,0.124,0.136,0.144
801,0.124,0.136,0.144
802,0.124,0.136,0.144
803,0.124,0.136,0.144
804,0.124,0.134,0.144
805,0.124,0.134,0.144
806,0.124,0.134,0.142
807,0.124,0.134,0.142
808,0.124,0.134,0.142
809,0.124,0.13,0.142
810,0.124,0.13,0.142
811,0.122,0.13,0.142
812,0.122,0.13,0.14
813,0.122,0.128,0.14
814,0.122,0.126,0.14
815,0.122,0.126,0.14
816,0.122,0.126,0.14
817,0.122,0.126,0.14
818,0.122,0.126,0.14
819,0.122,0.126,0.14
820,0.12,0.126,0.14
821,0.12,0.126,0.14
822,0.12,0.126,0.138
823,0.12,0.126,0.138
824,0.12,0.126,0.136
825,0.12,0.124,0.134
826,0.12,0.124,0.132
827,0.12,0.124,0.132
828,0.12,0.124,0.132
829,0.12,0.124,0.132
830,0.12,0.124,0.132
831,0.118,0.124,0.132
832,0.118,0.124,0.132
833,0.118,0.122,0.13
834,0.118,0.12,0.13
835,0.118,0.12,0.13
836,0.118,0.12,0.13
837,0.118,0.12,0.13
838,0.118,0.12,0.13
839,0.118,0.12,0.13
840,0.118,0.12,0.13
841,0.118,0.12,0.13
842,0.118,0.118,0.13
843,0.118,0.116,0.13
844,0.118,0.116,0.13
845,0.118,0.116,0.13
846,0.118,0.116,0.13
847,0.118,0.114,0.13
848,0.118,0.112,0.13
849,0.118,0.112,0.13
850,0.118,0.112,0.13
851,0.118,0.112,0.13
852,0.118,0.112,0.13
853,0.118,0.112,0.13
854,0.114,0.112,0.13
855,0.114,0.112,0.13
856,0.114,0.112,0.13
857,0.114,0.112,0.13
858,0.114,0.112,0.13
859,0.114,0.112,0.13
860,0.112,0.112,0.13
861,0.11,0.112,0.13
862,0.11,0.112,0.13
863,0.11,0.112,0.128
864,0.106,0.112,0.128
865,0.104,0.112,0.128
866,0.104,0.112,0.128
867,0.104,0.112,0.128
868,0.104,0.112,0.128
869,0.104,0.11,0.128
870,0.104,0.11,0.128
871,0.104,0.11,0.128
872,0.104,0.11,0.126
873,0.104,0.11,0.126
874,0.104,0.11,0.126
875,0.104,0.11,0.126
876,0.104,0.11,0.126
877,0.104,0.108,0.126
878,0.104,0.108,0.126
879,0.104,0.108,0.124
880,0.104,0.108,0.122
881,0.104,0.108,0.122
882,0.104,0.108,0.12
883,0.104,0.108,0.12
884,0.104,0.106,0.12
885,0.104,0.106,0.118
886,0.104,0.106,0.118
887,0.104,0.106,0.118
888,0.104,0.104,0.116
889,0.104,0.104,0.114
890,0.104,0.104,0.114
891,0.104,0.104,0.114
892,0.104,0.104,0.114
893,0.102,0.104,0.114
894,0.102,0.104,0.114
895,0.102,0.104,0.114
896,0.102,0.104,0.114
897,0.1,0.104,0.112
898,0.1,0.102,0.112
899,0.1,0.102,0.112
900,0.1,0.102,0.112
901,0.1,0.102,0.112
902,0.1,0.102,0.112
903,0.1,0.102,0.112
904,0.1,0.102,0.108
905,0.1,0.102,0.108
906,0.1,0.102,0.108
907,0.1,0.102,0.108
908,0.1,0.102,0.108
909,0.1,0.102,0.108
910,0.1,0.102,0.108
911,0.1,0.102,0.108
912,0.098,0.102,0.108
913,0.098,0.102,0.108
914,0.098,0.102,0.108
915,0.098,0.102,0.108
916,0.098,0.102,0.108
917,0.098,0.102,0.108
918,0.098,0.102,0.108
919,0.098,0.102,0.108
920,0.096,0.102,0.108
921,0.096,0.102,0.108
922,0.096,0.1,0.108
923,0.096,0.1,0.108
924,0.096,0.1,0.108
925,0.096,0.1,0.108
926,0.096,0.1,0.108
927,0.096,0.1,0.108
928,0.096,0.098,0.108
929,0.094,0.098,0.108
930,0.094,0.098,0.108
931,0.094,0.098,0.108
932,0.094,0.098,0.108
933,0.094,0.096,0.108
934,0.094,0.096,0.108
935,0.094,0.096,0.108
936,0.094,0.096,0.108
937,0.094,0.096,0.108
938,0.094,0.096,0.108
939,0.094,0.096,0.108
940,0.094,0.096,0.108
941,0.094,0.096,0.108
942,0.094,0.096,0.106
943,0.094,0.096,0.106
944,0.094,0.096,0.106
945,0.094,0.096,0.106
946,0.094,0.096,0.106
947,0.094,0.096,0.106
948,0.094,0.096,0.106
949,0.094,0.096,0.106
950,0.094,0.096,0.106
951,0.094,0.096,0.106
952,0.094,0.096,0.106
953,0.094,0.096,0.106
954,0.092,0.096,0.106
955,0.092,0.096,0.106
956,0.092,0.096,0.102
957,0.092,0.096,0.102
958,0.092,0.096,0.102
959,0.09,0.094,0.102
960,0.09,0.094,0.102
961,0.09,0.092,0.102
962,0.09,0.092,0.102
963,0.09,0.092,0.1
964,0.09,0.092,0.1
965,0.09,0.092,0.1
966,0.09,0.092,0.1
967,0.09,0.092,0.1
968,0.09,0.092,0.1
969,0.09,0.09,0.1
970,0.09,0.09,0.1
971,0.09,0.09,0.1
972,0.09,0.09,0.1
973,0.09,0.09,0.1
974,0.09,0.088,0.1
975,0.09,0.088,0.1
976,0.088,0.088,0.1
977,0.086,0.088,0.1
978,0.086,0.088,0.1
979,0.086,0.088,0.1
980,0.086,0.088,0.1
981,0.086,0.088,0.1
982,0.084,0.088,0.1
983,0.084,0.088,0.1
984,0.084,0.088,0.1
985,0.084,0.088,0.1
986,0.082,0.088,0.1
987,0.082,0.088,0.1
988,0.082,0.088,0.1
989,0.082,0.088,0.1
990,0.082,0.088,0.1
991,0.082,0.088,0.1
992,0.082,0.088,0.098
993,0.082,0.086,0.098
994,0.08,0.086,0.098
995,0.08,0.086,0.098
996,0.08,0.086,0.096
997,0.078,0.084,0.096
998,0.078,0.084,0.096
999,0.078,0.084,0.096
1000,0.076,0.082,0.096
1001,0.076,0.082,0.096
1002,0.076,0.082,0.096
1003,0.076,0.082,0.096
1004,0.076,0.082,0.094
1005,0.076,0.082,0.094
1006,0.076,0.082,0.094
1007,0.076,0.082,0.094
1008,0.074,0.082,0.094
1009,0.074,0.082,0.094
1010,0.074,0.082,0.094
1011,0.074,0.082,0.094
1012,0.074,0.082,0.094
1013,0.074,0.082,0.094
1014,0.074,0.082,0.094
1015,0.074,0.082,0.094
1016,0.074,0.082,0.094
1017,0.074,0.082,0.094
1018,0.074,0.082,0.094
1019,0.074,0.082,0.094
1020,0.074,0.082,0.094
1021,0.074,0.082,0.094
1022,0.074,0.082,0.094
1023,0.074,0.082,0.094
1024,0.074,0.082,0.094
1025,0.074,0.082,0.094
1026,0.074,0.082,0.092
1027,0.074,0.082,0.092
1028,0.074,0.082,0.092
1029,0.074,0.082,0.092
1030,0.074,0.082,0.092
1031,0.074,0.082,0.092
1032,0.074,0.082,0.092
1033,0.072,0.082,0.092
1034,0.072,0.082,0.092
1035,0.072,0.082,0.092
1036,0.072,0.08,0.092
1037,0.072,0.08,0.092
1038,0.07,0.08,0.092
1039,0.07,0.08,0.09
1040,0.07,0.08,0.09
1041,0.07,0.08,0.09
1042,0.07,0.08,0.09
1043,0.07,0.078,0.09
1044,0.07,0.078,0.09
1045,0.07,0.078,0.09
1046,0.07,0.078,0.09
1047,0.07,0.078,0.09
1048,0.07,0.078,0.09
1049,0.07,0.078,0.09
1050,0.07,0.078,0.088
1051,0.07,0.078,0.088
1052,0.07,0.078,0.088
1053,0.07,0.078,0.088
1054,0.07,0.078,0.086
1055,0.068,0.078,0.086
1056,0.066,0.078,0.086
1057,0.066,0.078,0.086
1058,0.066,0.078,0.086
1059,0.064,0.078,0.086
1060,0.064,0.076,0.086
1061,0.064,0.076,0.086
1062,0.064,0.076,0.084
1063,0.064,0.076,0.084
1064,0.064,0.076,0.084
1065,0.064,0.076,0.084
1066,0.064,0.076,0.084
1067,0.064,0.076,0.084
1068,0.064,0.076,0.084
1069,0.062,0.074,0.084
1070,0.062,0.074,0.084
1071,0.062,0.074,0.082
1072,0.062,0.074,0.082
1073,0.062,0.072,0.082
1074,0.062,0.072,0.082
1075,0.062,0.072,0.082
1076,0.062,0.072,0.08
1077,0.062,0.072,0.08
1078,0.062,0.072,0.078
1079,0.062,0.072,0.078
1080,0.062,0.072,0.078
1081,0.062,0.072,0.078
1082,0.062,0.072,0.078
1083,0.06,0.072,0.078
1084,0.06,0.072,0.078
1085,0.06,0.072,0.078
1086,0.06,0.072,0.078
1087,0.06,0.07,0.078
1088,0.06,0.07,0.078
1089,0.06,0.07,0.078
1090,0.06,0.07,0.078
1091,0.06,0.07,0.078
1092,0.06,0.07,0.076
1093,0.06,0.07,0.076
1094,0.06,0.07,0.076
1095,0.06,0.07,0.076
1096,0.06,0.07,0.076
1097,0.06,0.07,0.076
1098,0.06,0.07,0.076
1099,0.06,0.07,0.076
1100,0.058,0.07,0.074
1101,0.058,0.068,0.074
1102,0.058,0.068,0.074
1103,0.058,0.068,0.074
1104,0.058,0.068,0.074
1105,0.058,0.068,0.074
1106,0.058,0.068,0.074
1107,0.058,0.068,0.074
1108,0.058,0.068,0.074
1109,0.056,0.068,0.074
1110,0.056,0.068,0.074
1111,0.056,0.068,0.074
1112,0.056,0.068,0.074
1113,0.056,0.068,0.074
1114,0.056,0.068,0.074
1115,0.056,0.068,0.074
1116,0.056,0.068,0.074
1117,0.056,0.068,0.074
1118,0.056,0.068,0.074
1119,0.056,0.068,0.074
1120,0.056,0.068,0.074
1121,0.056,0.068,0.074
1122,0.056,0.068,0.074
1123,0.056,0.066,0.074
1124,0.056,0.066,0.074
1125,0.056,0.066,0.072
1126,0.054,0.066,0.072
1127,0.054,0.066,0.07
1128,0.054,0.066,0.07
1129,0.054,0.066,0.07
1130,0.054,0.066,0.07
1131,0.054,0.066,0.07
1132,0.054,0.066,0.07
1133,0.054,0.066,0.07
1134,0.052,0.066,0.07
1135,0.048,0.066,0.07
1136,0.048,0.066,0.07
1137,0.048,0.066,0.068
1138,0.048,0.064,0.068
1139,0.048,0.064,0.068
1140,0.048,0.064,0.068
1141,0.048,0.064,0.068
1142,0.048,0.064,0.068
1143,0.048,0.064,0.068
1144,0.048,0.064,0.068
1145,0.048,0.064,0.068
1146,0.048,0.064,0.068
1147,0.048,0.064,0.068
1148,0.048,0.064,0.068
1149,0.048,0.064,0.068
1150,0.048,0.064,0.068
1151,0.048,0.064,0.068
1152,0.048,0.064,0.068
1153,0.048,0.064,0.068
1154,0.048,0.064,0.068
1155,0.048,0.064,0.068
1156,0.046,0.064,0.068
1157,0.046,0.064,0.068
1158,0.046,0.064,0.068
1159,0.046,0.064,0.068
1160,0.046,0.064,0.068
1161,0.046,0.064,0.068
1162,0.046,0.064,0.068
1163,0.046,0.064,0.068
1164,0.046,0.064,0.068
1165,0.046,0.064,0.068
1166,0.046,0.064,0.068
1167,0.046,0.064,0.068
1168,0.046,0.064,0.068
1169,0.046,0.064,0.068
1170,0.046,0.064,0.068
1171,0.044,0.064,0.068
1172,0.044,0.064,0.066
1173,0.044,0.064,0.066
1174,0.044,0.064,0.066
1175,0.044,0.062,0.066
1176,0.044,0.062,0.066
1177,0.044,0.062,0.066
1178,0.044,0.062,0.066
1179,0.044,0.062,0.066
1180,0.044,0.062,0.066
1181,0.044,0.062,0.066
1182,0.044,0.06,0.066
1183,0.044,0.06,0.066
1184,0.044,0.06,0.066
1185,0.044,0.06,0.066
1186,0.044,0.06,0.066
1187,0.044,0.06,0.066
1188,0.044,0.06,0.066
1189,0.044,0.06,0.066
1190,0.044,0.06,0.066
1191,0.044,0.06,0.066
1192,0.044,0.06,0.066
1193,0.044,0.06,0.066
1194,0.044,0.06,0.066
1195,0.044,0.06,0.064
1196,0.044,0.06,0.064
1197,0.044,0.06,0.064
1198,0.044,0.06,0.064
1199,0.044,0.06,0.064
1200,0.044,0.06,0.064
1201,0.044,0.06,0.064
1202,0.044,0.06,0.064
1203,0.044,0.06,0.064
1204,0.044,0.06,0.064
1205,0.044,0.06,0.064
1206,0.044,0.06,0.064
1207,0.044,0.058,0.064
1208,0.044,0.058,0.064
1209,0.044,0.058,0.064
1210,0.044,0.058,0.064
1211,0.044,0.058,0.062
1212,0.044,0.058,0.062
1213,0.044,0.058,0.062
1214,0.042,0.058,0.062
1215,0.042,0.058,0.062
1216,0.042,0.058,0.06
1217,0.042,0.058,0.06
1218,0.042,0.058,0.06
1219,0.042,0.058,0.06
1220,0.042,0.056,0.06
1221,0.042,0.056,0.06
1222,0.042,0.056,0.06
1223,0.042,0.056,0.06
1224,0.042,0.056,0.06
1225,0.042,0.056,0.06
1226,0.042,0.056,0.06
1227,0.042,0.056,0.06
1228,0.042,0.056,0.06
1229,0.042,0.056,0.06
1230,0.042,0.056,0.06
1231,0.042,0.056,0.06
1232,0.042,0.056,0.06
1233,0.042,0.056,0.06
1234,0.042,0.056,0.06
1235,0.042,0.056,0.06
1236,0.042,0.056,0.06
1237,0.042,0.056,0.06
1238,0.042,0.056,0.06
1239,0.042,0.056,0.06
1240,0.042,0.056,0.06
1241,0.042,0.056,0.06
1242,0.042,0.056,0.06
1243,0.042,0.056,0.06
1244,0.042,0.056,0.06
1245,0.042,0.056,0.06
1246,0.042,0.056,0.058
1247,0.042,0.056,0.058
1248,0.042,0.056,0.058
1249,0.042,0.056,0.058
1250,0.042,0.056,0.058
1251,0.042,0.056,0.058
1252,0.042,0.056,0.058
1253,0.042,0.056,0.058
1254,0.042,0.056,0.058
1255,0.042,0.056,0.058
1256,0.042,0.056,0.056
1257,0.042,0.056,0.056
1258,0.042,0.056,0.056
1259,0.042,0.056,0.056
1260,0.042,0.056,0.056
1261,0.042,0.056,0.056
1262,0.042,0.056,0.056
1263,0.042,0.056,0.056
1264,0.042,0.056,0.056
1265,0.042,0.056,0.056
1266,0.042,0.056,0.056
1267,0.042,0.056,0.056
1268,0.042,0.056,0.056
1269,0.042,0.056,0.056
1270,0.042,0.056,0.056
1271,0.042,0.056,0.056
1272,0.042,0.056,0.056
1273,0.042,0.056,0.056
1274,0.042,0.056,0.056
1275,0.042,0.056,0.056
1276,0.042,0.056,0.056
1277,0.042,0.056,0.056
1278,0.042,0.056,0.056
1279,0.042,0.056,0.056
1280,0.042,0.056,0.056
1281,0.042,0.056,0.054
1282,0.042,0.056,0.054
1283,0.042,0.056,0.054
1284,0.042,0.056,0.054
1285,0.042,0.056,0.052
1286,0.042,0.056,0.052
1287,0.042,0.056,0.052
1288,0.042,0.056,0.052
1289,0.04,0.056,0.052
1290,0.04,0.056,0.052
1291,0.04,0.056,0.052
1292,0.04,0.056,0.052
1293,0.04,0.056,0.052
1294,0.04,0.056,0.052
1295,0.04,0.056,0.052
1296,0.04,0.056,0.052
1297,0.038,0.056,0.052
1298,0.038,0.056,0.052
1299,0.038,0.056,0.052
1300,0.038,0.054,0.052
1301,0.038,0.054,0.052
1302,0.038,0.054,0.052
1303,0.038,0.054,0.052
1304,0.038,0.054,0.052
1305,0.038,0.054,0.052
1306,0.036,0.054,0.052
1307,0.036,0.054,0.052
1308,0.036,0.054,0.052
1309,0.036,0.054,0.052
1310,0.036,0.054,0.052
1311,0.036,0.054,0.052
1312,0.036,0.054,0.052
1313,0.036,0.052,0.052
1314,0.036,0.052,0.05
1315,0.036,0.052,0.05
1316,0.036,0.052,0.05
1317,0.036,0.052,0.05
1318,0.036,0.052,0.05
1319,0.036,0.052,0.05
1320,0.036,0.052,0.05
1321,0.036,0.052,0.05
1322,0.036,0.052,0.048
1323,0.036,0.05,0.048
1324,0.036,0.05,0.046
1325,0.036,0.05,0.046
1326,0.036,0.05,0.046
1327,0.036,0.05,0.046
1328,0.036,0.05,0.046
1329,0.036,0.05,0.046
1330,0.036,0.05,0.046
1331,0.036,0.05,0.046
1332,0.036,0.05,0.044
1333,0.036,0.05,0.044
1334,0.036,0.05,0.044
1335,0.034,0.05,0.044
1336,0.034,0.05,0.044
1337,0.034,0.05,0.044
1338,0.034,0.05,0.044
1339,0.034,0.05,0.044
1340,0.034,0.05,0.044
1341,0.034,0.05,0.044
1342,0.032,0.048,0.044
1343,0.032,0.048,0.044
1344,0.032,0.048,0.044
1345,0.032,0.048,0.044
1346,0.032,0.048,0.044
1347,0.032,0.048,0.044
1348,0.032,0.048,0.044
1349,0.032,0.048,0.044
1350,0.032,0.048,0.044
1351,0.032,0.048,0.044
1352,0.032,0.048,0.044
1353,0.032,0.048,0.044
1354,0.032,0.048,0.044
1355,0.032,0.046,0.044
1356,0.032,0.046,0.044
1357,0.032,0.046,0.044
1358,0.032,0.046,0.044
1359,0.032,0.046,0.044
1360,0.032,0.046,0.044
1361,0.032,0.046,0.044
1362,0.032,0.046,0.044
1363,0.032,0.046,0.042
1364,0.03,0.046,0.042
1365,0.03,0.046,0.042
1366,0.03,0.046,0.042
1367,0.03,0.046,0.042
1368,0.03,0.046,0.042
1369,0.03,0.044,0.042
1370,0.03,0.044,0.042
1371,0.03,0.044,0.042
1372,0.03,0.044,0.042
1373,0.03,0.044,0.042
1374,0.03,0.044,0.042
1375,0.03,0.044,0.042
1376,0.03,0.044,0.042
1377,0.03,0.044,0.042
1378,0.03,0.044,0.042
1379,0.03,0.042,0.042
1380,0.03,0.042,0.042
1381,0.03,0.04,0.042
1382,0.03,0.04,0.042
1383,0.03,0.04,0.042
1384,0.03,0.04,0.042
1385,0.03,0.04,0.042
1386,0.03,0.04,0.042
1387,0.03,0.04,0.042
1388,0.03,0.04,0.042
1389,0.03,0.04,0.042
1390,0.03,0.04,0.042
1391,0.03,0.04,0.042
1392,0.03,0.04,0.042
1393,0.03,0.04,0.042
1394,0.03,0.04,0.042
1395,0.03,0.04,0.042
1396,0.03,0.04,0.042
1397,0.03,0.04,0.042
1398,0.03,0.04,0.042
1399,0.03,0.04,0.042
1400,0.03,0.04,0.042
1401,0.03,0.04,0.042
1402,0.03,0.04,0.042
1403,0.03,0.04,0.042
1404,0.03,0.04,0.042
1405,0.03,0.04,0.042
1406,0.03,0.04,0.042
1407,0.03,0.04,0.042
1408,0.03,0.04,0.042
1409,0.03,0.04,0.042
1410,0.03,0.04,0.042
1411,0.03,0.04,0.042
1412,0.03,0.038,0.042
1413,0.03,0.038,0.042
1414,0.03,0.038,0.042
1415,0.03,0.038,0.042
1416,0.03,0.038,0.042
1417,0.03,0.038,0.042
1418,0.03,0.038,0.042
1419,0.03,0.038,0.042
1420,0.03,0.038,0.042
1421,0.03,0.038,0.042
1422,0.03,0.038,0.042
1423,0.03,0.038,0.042
1424,0.03,0.038,0.042
1425,0.03,0.038,0.042
1426,0.03,0.038,0.042
1427,0.03,0.038,0.042
1428,0.03,0.038,0.042
1429,0.03,0.038,0.042
1430,0.03,0.038,0.042
1431,0.03,0.038,0.042
1432,0.028,0.038,0.042
1433,0.028,0.038,0.042
1434,0.028,0.038,0.038
1435,0.028,0.038,0.038
1436,0.028,0.038,0.038
1437,0.028,0.038,0.038
1438,0.028,0.038,0.038
1439,0.028,0.038,0.038
1440,0.028,0.038,0.038
1441,0.028,0.038,0.038
1442,0.028,0.038,0.038
1443,0.028,0.038,0.038
1444,0.028,0.038,0.038
1445,0.028,0.038,0.038
1446,0.028,0.038,0.038
1447,0.028,0.038,0.038
1448,0.028,0.038,0.038
1449,0.028,0.038,0.038
1450,0.028,0.038,0.038
1451,0.028,0.038,0.038
1452,0.028,0.038,0.038
1453,0.028,0.038,0.038
1454,0.028,0.038,0.038
1455,0.028,0.038,0.038
1456,0.028,0.038,0.038
1457,0.028,0.038,0.038
1458,0.028,0.038,0.038
1459,0.028,0.038,0.038
1460,0.028,0.038,0.038
1461,0.028,0.038,0.038
1462,0.028,0.038,0.038
1463,0.028,0.038,0.038
1464,0.028,0.038,0.038
1465,0.028,0.038,0.038
1466,0.028,0.038,0.038
1467,0.028,0.038,0.038
1468,0.028,0.038,0.038
1469,0.028,0.038,0.038
1470,0.028,0.038,0.038
1471,0.028,0.038,0.038
1472,0.028,0.038,0.038
1473,0.028,0.038,0.038
1474,0.028,0.038,0.038
1475,0.028,0.038,0.038
1476,0.028,0.038,0.038
1477,0.028,0.038,0.038
1478,0.028,0.038,0.038
1479,0.028,0.038,0.038
1480,0.028,0.038,0.038
1481,0.028,0.038,0.038
1482,0.028,0.038,0.038
1483,0.028,0.038,0.038
1484,0.028,0.038,0.038
1485,0.028,0.038,0.038
1486,0.028,0.038,0.038
1487,0.028,0.038,0.038
1488,0.028,0.038,0.038
1489,0.028,0.038,0.038
1490,0.028,0.038,0.038
1491,0.028,0.038,0.038
1492,0.028,0.038,0.038
1493,0.028,0.038,0.038
1494,0.028,0.038,0.038
1495,0.028,0.038,0.038
1496,0.028,0.036,0.038
1497,0.028,0.036,0.038
1498,0.028,0.036,0.038
1499,0.028,0.036,0.038
1500,0.028,0.036,0.038
1501,0.028,0.036,0.038
1502,0.028,0.036,0.038
1503,0.028,0.036,0.038
1504,0.028,0.036,0.038
1505,0.028,0.036,0.038
1506,0.028,0.036,0.038
1507,0.028,0.036,0.038
1508,0.028,0.036,0.038
1509,0.028,0.036,0.038
1510,0.028,0.036,0.038
1511,0.028,0.036,0.038
1512,0.028,0.036,0.038
1513,0.028,0.036,0.038
1514,0.028,0.036,0.036
1515,0.028,0.036,0.036
1516,0.028,0.036,0.036
1517,0.028,0.036,0.036
1518,0.028,0.036,0.036
1519,0.026,0.036,0.036
1520,0.026,0.036,0.036
1521,0.026,0.036,0.036
1522,0.026,0.036,0.036
1523,0.026,0.036,0.036
1524,0.026,0.036,0.036
1525,0.026,0.036,0.036
1526,0.026,0.036,0.036
1527,0.026,0.036,0.036
1528,0.026,0.034,0.036
1529,0.026,0.034,0.036
1530,0.026,0.034,0.036
1531,0.026,0.034,0.036
1532,0.026,0.034,0.036
1533,0.026,0.034,0.036
1534,0.026,0.034,0.036
1535,0.026,0.034,0.036
1536,0.026,0.034,0.036
1537,0.026,0.034,0.036
1538,0.026,0.034,0.036
1539,0.026,0.034,0.036
1540,0.026,0.034,0.036
1541,0.026,0.034,0.036
1542,0.026,0.032,0.036
1543,0.024,0.032,0.036
1544,0.024,0.032,0.036
1545,0.024,0.032,0.036
1546,0.024,0.032,0.036
1547,0.024,0.032,0.036
1548,0.024,0.032,0.036
1549,0.024,0.032,0.036
1550,0.024,0.032,0.036
1551,0.024,0.032,0.036
1552,0.024,0.032,0.036
1553,0.024,0.032,0.036
1554,0.024,0.032,0.036
1555,0.024,0.032,0.036
1556,0.024,0.032,0.036
1557,0.024,0.032,0.036
1558,0.024,0.032,0.036
1559,0.024,0.032,0.036
1560,0.024,0.032,0.036
1561,0.024,0.032,0.036
1562,0.024,0.032,0.036
1563,0.024,0.032,0.036
1564,0.024,0.032,0.036
1565,0.024,0.032,0.036
1566,0.024,0.032,0.036
1567,0.024,0.032,0.036
1568,0.024,0.032,0.036
1569,0.024,0.032,0.036
1570,0.024,0.032,0.036
1571,0.024,0.032,0.036
1572,0.024,0.032,0.036
1573,0.024,0.032,0.036
1574,0.024,0.032,0.036
1575,0.024,0.032,0.036
1576,0.024,0.032,0.036
1577,0.024,0.032,0.036
1578,0.024,0.032,0.036
1579,0.024,0.032,0.036
1580,0.024,0.032,0.036
1581,0.024,0.032,0.036
1582,0.024,0.032,0.036
1583,0.024,0.032,0.036
1584,0.024,0.032,0.036
1585,0.024,0.032,0.036
1586,0.022,0.032,0.034
1587,0.022,0.032,0.034
1588,0.022,0.032,0.034
1589,0.022,0.032,0.034
1590,0.022,0.032,0.034
1591,0.022,0.032,0.034
1592,0.022,0.032,0.034
1593,0.022,0.032,0.034
1594,0.022,0.032,0.034
1595,0.022,0.032,0.034
1596,0.022,0.032,0.032
1597,0.022,0.032,0.032
1598,0.022,0.032,0.032
1599,0.022,0.032,0.032
1600,0.022,0.032,0.032
1601,0.022,0.032,0.032
1602,0.022,0.032,0.032
1603,0.022,0.032,0.032
1604,0.02,0.032,0.032
1605,0.02,0.032,0.032
1606,0.02,0.032,0.032
1607,0.018,0.032,0.032
1608,0.018,0.032,0.032
1609,0.018,0.032,0.032
1610,0.018,0.032,0.032
1611,0.018,0.032,0.032
1612,0.018,0.032,0.032
1613,0.018,0.032,0.032
1614,0.018,0.032,0.032
1615,0.018,0.032,0.032
1616,0.018,0.032,0.032
1617,0.018,0.032,0.032
1618,0.018,0.032,0.032
1619,0.018,0.032,0.032
1620,0.018,0.032,0.032
1621,0.018,0.032,0.032
1622,0.018,0.03,0.032
1623,0.018,0.03,0.032
1624,0.018,0.03,0.032
1625,0.018,0.03,0.032
1626,0.018,0.03,0.032
1627,0.018,0.03,0.032
1628,0.018,0.03,0.032
1629,0.018,0.03,0.032
1630,0.018,0.03,0.032
1631,0.018,0.03,0.032
1632,0.018,0.03,0.032
1633,0.018,0.03,0.032
1634,0.018,0.03,0.032
1635,0.018,0.03,0.032
1636,0.018,0.03,0.032
1637,0.018,0.03,0.032
1638,0.018,0.03,0.032
1639,0.018,0.03,0.032
1640,0.018,0.03,0.032
1641,0.018,0.03,0.032
1642,0.018,0.03,0.032
1643,0.018,0.03,0.032
1644,0.018,0.03,0.032
1645,0.018,0.03,0.032
1646,0.018,0.03,0.032
1647,0.018,0.03,0.032
1648,0.018,0.03,0.032
1649,0.018,0.028,0.032
1650,0.018,0.028,0.03
1651,0.018,0.028,0.03
1652,0.018,0.028,0.03
1653,0.018,0.028,0.03
1654,0.018,0.028,0.03
1655,0.018,0.028,0.03
1656,0.018,0.028,0.03
1657,0.018,0.028,0.03
1658,0.018,0.028,0.03
1659,0.018,0.028,0.03
1660,0.018,0.028,0.03
1661,0.018,0.028,0.03
1662,0.018,0.028,0.03
1663,0.018,0.028,0.03
1664,0.018,0.028,0.03
1665,0.018,0.028,0.03
1666,0.018,0.028,0.03
1667,0.018,0.028,0.03
1668,0.016,0.028,0.03
1669,0.016,0.028,0.03
1670,0.016,0.028,0.03
1671,0.016,0.028,0.03
1672,0.016,0.028,0.03
1673,0.016,0.028,0.03
1674,0.016,0.028,0.03
1675,0.016,0.028,0.03
1676,0.016,0.026,0.03
1677,0.016,0.026,0.03
1678,0.016,0.026,0.03
1679,0.016,0.026,0.03
1680,0.016,0.026,0.03
1681,0.016,0.026,0.03
1682,0.016,0.026,0.03
1683,0.016,0.026,0.03
1684,0.016,0.026,0.03
1685,0.016,0.026,0.03
1686,0.016,0.026,0.03
1687,0.016,0.026,0.03
1688,0.016,0.026,0.03
1689,0.016,0.026,0.03
1690,0.016,0.026,0.03
1691,0.016,0.026,0.03
1692,0.016,0.026,0.03
1693,0.016,0.026,0.03
1694,0.016,0.026,0.03
1695,0.016,0.026,0.03
1696,0.016,0.026,0.03
1697,0.016,0.026,0.03
1698,0.016,0.026,0.03
1699,0.016,0.026,0.03
1700,0.016,0.026,0.03
1701,0.016,0.026,0.028
1702,0.016,0.026,0.028
1703,0.016,0.026,0.028
1704,0.016,0.026,0.028
1705,0.016,0.026,0.028
1706,0.016,0.024,0.028
1707,0.016,0.024,0.028
1708,0.016,0.024,0.028
1709,0.016,0.024,0.028
1710,0.016,0.024,0.028
1711,0.016,0.024,0.028
1712,0.016,0.024,0.028
1713,0.016,0.024,0.028
1714,0.016,0.024,0.028
1715,0.016,0.024,0.028
1716,0.016,0.024,0.028
1717,0.016,0.024,0.028
1718,0.016,0.024,0.028
1719,0.016,0.024,0.028
1720,0.016,0.024,0.028
1721,0.016,0.024,0.028
1722,0.016,0.024,0.028
1723,0.016,0.024,0.028
1724,0.016,0.024,0.028
1725,0.016,0.024,0.028
1726,0.016,0.024,0.028
1727,0.016,0.024,0.028
1728,0.016,0.024,0.028
1729,0.016,0.024,0.028
1730,0.016,0.024,0.028
1731,0.016,0.024,0.028
1732,0.016,0.024,0.028
1733,0.016,0.024,0.028
1734,0.016,0.024,0.028
1735,0.016,0.024,0.028
1736,0.016,0.024,0.028
1737,0.016,0.024,0.028
1738,0.016,0.024,0.028
1739,0.016,0.024,0.028
1740,0.016,0.024,0.028
1741,0.016,0.024,0.028
1742,0.016,0.024,0.028
1743,0.016,0.024,0.028
1744,0.016,0.024,0.028
1745,0.016,0.024,0.028
1746,0.016,0.024,0.028
1747,0.016,0.024,0.028
1748,0.016,0.024,0.028
1749,0.016,0.024,0.028
1750,0.016,0.024,0.028
1751,0.016,0.024,0.028
1752,0.016,0.024,0.028
1753,0.016,0.024,0.028
1754,0.016,0.024,0.028
1755,0.016,0.024,0.028
1756,0.016,0.024,0.028
1757,0.016,0.024,0.028
1758,0.016,0.024,0.028
1759,0.016,0.024,0.028
1760,0.016,0.024,0.028
1761,0.016,0.024,0.028
1762,0.016,0.024,0.028
1763,0.016,0.024,0.028
1764,0.016,0.024,0.028
1765,0.016,0.024,0.028
1766,0.016,0.024,0.028
1767,0.016,0.024,0.028
1768,0.016,0.024,0.028
1769,0.016,0.024,0.028
1770,0.016,0.024,0.028
1771,0.016,0.024,0.028
1772,0.016,0.024,0.028
1773,0.016,0.024,0.028
1774,0.016,0.024,0.028
1775,0.016,0.024,0.028
1776,0.016,0.024,0.028
1777,0.016,0.024,0.028
1778,0.016,0.024,0.028
1779,0.016,0.024,0.028
1780,0.016,0.024,0.028
1781,0.016,0.024,0.028
1782,0.016,0.024,0.028
1783,0.016,0.024,0.028
1784,0.016,0.024,0.028
1785,0.016,0.024,0.028
1786,0.016,0.024,0.028
1787,0.016,0.024,0.028
1788,0.016,0.024,0.028
1789,0.016,0.024,0.028
1790,0.016,0.024,0.028
1791,0.016,0.024,0.026
1792,0.016,0.024,0.026
1793,0.016,0.024,0.026
1794,0.016,0.024,0.026
1795,0.016,0.024,0.026
1796,0.016,0.024,0.026
1797,0.016,0.024,0.026
1798,0.016,0.024,0.026
1799,0.016,0.024,0.026
1800,0.016,0.024,0.026
1801,0.016,0.024,0.026
1802,0.016,0.024,0.026
1803,0.016,0.024,0.026
1804,0.016,0.024,0.026
1805,0.016,0.024,0.026
1806,0.016,0.024,0.026
1807,0.016,0.024,0.026
1808,0.016,0.024,0.026
1809,0.016,0.024,0.026
1810,0.016,0.024,0.026
1811,0.016,0.024,0.026
1812,0.016,0.024,0.026
1813,0.016,0.024,0.026
1814,0.016,0.024,0.026
1815,0.016,0.024,0.026
1816,0.016,0.024,0.026
1817,0.016,0.024,0.026
1818,0.016,0.024,0.026
1819,0.016,0.024,0.026
1820,0.016,0.024,0.026
1821,0.016,0.024,0.026
1822,0.016,0.024,0.026
1823,0.016,0.024,0.026
1824,0.016,0.024,0.026
1825,0.016,0.024,0.026
1826,0.016,0.024,0.026
1827,0.016,0.024,0.026
1828,0.016,0.024,0.026
1829,0.016,0.024,0.026
1830,0.014,0.024,0.026
1831,0.014,0.024,0.026
1832,0.014,0.024,0.026
1833,0.014,0.024,0.026
1834,0.014,0.024,0.026
1835,0.014,0.022,0.026
1836,0.014,0.022,0.026
1837,0.014,0.022,0.026
1838,0.014,0.022,0.026
1839,0.014,0.022,0.026
1840,0.014,0.022,0.026
1841,0.014,0.022,0.026
1842,0.014,0.02,0.026
1843,0.014,0.02,0.024
1844,0.014,0.02,0.024
1845,0.014,0.02,0.024
1846,0.014,0.02,0.024
1847,0.014,0.02,0.024
1848,0.014,0.02,0.024
1849,0.014,0.02,0.024
1850,0.014,0.02,0.024
1851,0.014,0.02,0.024
1852,0.014,0.02,0.024
1853,0.014,0.02,0.024
1854,0.014,0.02,0.022
1855,0.014,0.02,0.022
1856,0.014,0.02,0.022
1857,0.014,0.02,0.022
1858,0.014,0.02,0.022
1859,0.014,0.02,0.022
1860,0.014,0.02,0.022
1861,0.014,0.02,0.022
1862,0.014,0.02,0.022
1863,0.014,0.02,0.022
1864,0.014,0.02,0.022
1865,0.014,0.02,0.022
1866,0.014,0.02,0.022
1867,0.014,0.02,0.022
1868,0.014,0.02,0.022
1869,0.014,0.02,0.022
1870,0.014,0.02,0.022
1871,0.014,0.02,0.022
1872,0.014,0.02,0.022
1873,0.014,0.018,0.022
1874,0.014,0.018,0.022
1875,0.014,0.018,0.022
1876,0.014,0.018,0.022
1877,0.014,0.018,0.022
1878,0.014,0.018,0.022
1879,0.014,0.018,0.022
1880,0.014,0.018,0.022
1881,0.014,0.018,0.022
1882,0.014,0.018,0.022
1883,0.014,0.018,0.022
1884,0.014,0.018,0.022
1885,0.014,0.018,0.022
1886,0.014,0.018,0.022
1887,0.014,0.018,0.022
1888,0.014,0.018,0.022
1889,0.014,0.018,0.022
1890,0.014,0.018,0.022
1891,0.014,0.016,0.022
1892,0.014,0.016,0.022
1893,0.014,0.016,0.022
1894,0.014,0.016,0.022
1895,0.014,0.016,0.022
1896,0.014,0.016,0.022
1897,0.014,0.016,0.022
1898,0.014,0.016,0.022
1899,0.014,0.014,0.022
1900,0.014,0.014,0.022
1901,0.014,0.014,0.022
1902,0.014,0.014,0.022
1903,0.014,0.014,0.022
1904,0.014,0.014,0.022
1905,0.014,0.014,0.022
1906,0.014,0.014,0.022
1907,0.014,0.014,0.022
1908,0.014,0.014,0.02
1909,0.014,0.014,0.02
1910,0.014,0.014,0.02
1911,0.014,0.014,0.02
1912,0.014,0.014,0.02
1913,0.014,0.014,0.02
1914,0.014,0.014,0.02
1915,0.014,0.014,0.02
1916,0.014,0.014,0.02
1917,0.014,0.014,0.02
1918,0.014,0.014,0.02
1919,0.014,0.014,0.02
1920,0.014,0.014,0.02
1921,0.014,0.014,0.02
1922,0.014,0.014,0.02
1923,0.014,0.014,0.02
1924,0.014,0.014,0.02
1925,0.014,0.014,0.02
1926,0.014,0.014,0.02
1927,0.014,0.014,0.02
1928,0.014,0.014,0.02
1929,0.014,0.014,0.02
1930,0.014,0.014,0.02
1931,0.014,0.014,0.02
1932,0.014,0.014,0.02
1933,0.014,0.014,0.02
1934,0.014,0.014,0.02
1935,0.014,0.014,0.02
1936,0.014,0.014,0.02
1937,0.014,0.014,0.02
1938,0.014,0.014,0.02
1939,0.014,0.014,0.02
1940,0.014,0.014,0.02
1941,0.014,0.014,0.02
1942,0.014,0.014,0.02
1943,0.014,0.014,0.02
1944,0.014,0.014,0.02
1945,0.014,0.014,0.02
1946,0.014,0.014,0.02
1947,0.014,0.014,0.02
1948,0.014,0.014,0.02
1949,0.014,0.014,0.02
1950,0.014,0.014,0.02
1951,0.014,0.014,0.02
1952,0.014,0.014,0.02
1953,0.014,0.014,0.02
1954,0.014,0.014,0.02
1955,0.014,0.014,0.02
1956,0.014,0.014,0.02
1957,0.014,0.014,0.02
1958,0.012,0.014,0.02
1959,0.012,0.014,0.02
1960,0.012,0.014,0.02
1961,0.012,0.014,0.02
1962,0.012,0.014,0.02
1963,0.012,0.014,0.02
1964,0.012,0.014,0.02
1965,0.012,0.014,0.02
1966,0.012,0.014,0.02
1967,0.012,0.014,0.02
1968,0.012,0.014,0.02
1969,0.012,0.014,0.02
1970,0.012,0.014,0.02
1971,0.012,0.014,0.02
1972,0.012,0.014,0.02
1973,0.012,0.014,0.02
1974,0.012,0.014,0.02
1975,0.012,0.014,0.02
1976,0.012,0.014,0.02
1977,0.012,0.014,0.02
1978,0.012,0.014,0.018
1979,0.012,0.014,0.018
1980,0.012,0.014,0.018
1981,0.012,0.014,0.018
1982,0.012,0.014,0.018
1983,0.012,0.014,0.018
1984,0.012,0.014,0.018
1985,0.012,0.014,0.018
1986,0.012,0.014,0.018
1987,0.012,0.014,0.018
1988,0.012,0.014,0.018
1989,0.012,0.014,0.018
1990,0.012,0.014,0.018
1991,0.012,0.014,0.018
1992,0.012,0.014,0.018
1993,0.012,0.014,0.018
1994,0.012,0.014,0.018
1995,0.012,0.014,0.018
1996,0.012,0.014,0.018
1997,0.012,0.014,0.018
1998,0.012,0.014,0.018
1999,0.012,0.014,0.018
2000,0.012,0.014,0.018
